"id","policyNumber","name","dob","dop","gender","smokingStatus","faceAmount"
1,1,"Herbie Bendix      ","1975-06-22","1999-10-01","male","Non-Smoker",20001
2,2,"Matthiew Duck      ","1954-05-02","2006-06-01","female","Smoker",340000
3,3,"Haze Kerfoot       ","1996-03-11","2012-01-01","male","Smoker",100000
4,4,"Daryn Rickis       ","1987-02-17","2016-09-01","male","Smoker",35000
5,5,"Agneta Maling      ","1992-04-09","2012-10-01","female","Non-Smoker",430000
6,6,"Zachery Pyecroft   ","1971-12-19","1991-09-01","female","Smoker",250000
7,7,"Harmonia Marran    ","1983-11-26","2007-08-01","male","Smoker",80000
8,8,"Olimpia Piola      ","1974-07-19","1995-06-01","male","Non-Smoker",125000
9,9,"Tate Bielfelt      ","1955-06-09","1980-06-01","male","Non-Smoker",345000
10,10,"Des Sweetenham     ","1953-04-08","1998-05-01","male","Smoker",120000
11,11,"Eduard Bulstrode   ","1997-07-15","2016-07-01","male","Smoker",205000
12,12,"Chuck Croisdall    ","1980-11-23","1997-09-01","male","Smoker",155000
13,13,"Bayard Shepard     ","1989-05-09","2006-01-01","male","Smoker",465000
14,14,"Kienan Saura       ","1973-10-23","2015-02-01","male","Non-Smoker",135000
15,15,"Valaria Hendrick   ","1970-10-18","1996-02-01","female","Smoker",45000
16,16,"Layne Madeley      ","1991-03-27","2015-10-01","male","Non-Smoker",425000
17,17,"Allistir Carratt   ","1958-11-22","1992-07-01","female","Smoker",175000
18,18,"Laughton Kehoe     ","1977-12-05","1993-11-01","female","Smoker",355000
19,19,"Dorotea Lownie     ","1985-03-10","2015-11-01","female","Smoker",405000
20,20,"Mayer Bengefield   ","1966-01-09","1998-10-01","male","Non-Smoker",125000
21,21,"Natasha Anfrey     ","1998-12-18","2015-08-01","male","Non-Smoker",40000
22,22,"Padriac Meaden     ","1999-04-20","2015-07-01","female","Non-Smoker",30000
23,23,"Selia Lowseley     ","1993-05-26","2009-06-01","female","Smoker",475000
24,24,"Dayna Skains       ","1975-08-03","2009-11-01","female","Non-Smoker",140000
25,25,"Xaviera Tineman    ","1986-01-02","2004-01-01","male","Smoker",440000
26,26,"Marylee Ortelt     ","1990-01-28","2012-05-01","male","Smoker",95000
27,27,"Irving Welbeck     ","1985-07-02","2015-08-01","male","Non-Smoker",135000
28,28,"Helga Thebeaud     ","1977-12-14","2001-08-01","male","Non-Smoker",415000
29,29,"Brina MacFadzan    ","1986-02-21","2016-05-01","female","Non-Smoker",320000
30,30,"Beaufort Catteroll ","1956-09-12","1997-01-01","female","Smoker",310000
31,31,"Wilone Hunting     ","1976-09-02","2000-08-01","male","Non-Smoker",70000
32,32,"Cosette Yateman    ","1972-10-10","1997-08-01","male","Smoker",150000
33,33,"Bradley MacQuarrie ","1982-01-27","2003-05-01","male","Smoker",55000
34,34,"Ashly Seal","1988-10-25","2004-05-01","male","Smoker",20000
35,35,"Carlita Oxby       ","1951-08-21","1998-05-01","female","Non-Smoker",265000
36,36,"Tirrell Mangenet   ","1997-08-08","2014-02-01","male","Smoker",300000
37,37,"Fee Wagon ","1995-04-27","2011-06-01","male","Non-Smoker",160000
38,38,"Weidar Shubotham   ","1959-04-11","1992-10-01","female","Non-Smoker",475000
39,39,"Ruggiero Stather   ","1969-03-14","1986-05-01","female","Smoker",45000
40,40,"Ingaberg Raubheim  ","1998-02-23","2016-11-01","female","Non-Smoker",400000
41,41,"Pandora Radbone    ","1970-05-23","1991-06-01","female","Smoker",335000
42,42,"Shelby Dolby       ","1998-08-25","2016-09-01","female","Smoker",375000
43,43,"Jany Prendergrass  ","1979-07-11","2014-04-01","female","Non-Smoker",345000
44,44,"Hyacintha Vandrill ","1981-09-14","2006-09-01","female","Non-Smoker",325000
45,45,"Dulce Wicklen      ","1980-04-25","2002-06-01","male","Smoker",335000
46,46,"Burt Ribchester    ","1962-05-23","1982-11-01","female","Smoker",195000
47,47,"Chaddie Capron     ","1968-06-13","2010-11-01","female","Smoker",245000
48,48,"Mair Scuse","1952-02-08","1993-12-01","male","Non-Smoker",35000
49,49,"Sheilakathryn Trevon    ","1978-10-15","2016-04-01","female","Smoker",355000
50,50,"Tansy Smithen      ","1987-11-08","2016-04-01","male","Smoker",415000
51,51,"Adara Vasilchikov  ","1994-11-16","2015-10-01","male","Smoker",80000
52,52,"Doria Cowdry       ","1956-03-16","1997-02-01","male","Smoker",90000
53,53,"Suzie Pottberry    ","1998-04-14","2015-02-01","male","Non-Smoker",20000
54,54,"Blythe Eyrl        ","1999-07-11","2015-09-01","female","Non-Smoker",355000
55,55,"Cristina Roydon    ","1982-02-27","2012-04-01","female","Smoker",280000
56,56,"Melosa Quogan      ","1952-08-25","1990-12-01","male","Non-Smoker",220000
57,57,"Jocelyn Elsbury    ","1987-02-09","2009-10-01","male","Smoker",315000
58,58,"Mary Benzies       ","1995-04-19","2011-04-01","male","Smoker",295000
59,59,"Gallard Conway     ","1989-03-13","2006-08-01","female","Smoker",400000
60,60,"Monty Rhyme        ","1960-04-20","2009-06-01","male","Smoker",185000
61,61,"Nicko Ullock       ","1986-11-22","2006-04-01","female","Non-Smoker",50000
62,62,"Nowell Pennacci    ","1976-09-13","2008-03-01","male","Non-Smoker",60000
63,63,"Nelie Coslitt      ","1964-10-12","1988-11-01","male","Non-Smoker",165000
64,64,"Lenna Jermey       ","1960-07-17","1989-09-01","female","Smoker",380000
65,65,"Mycah Yerby        ","1950-02-13","1967-12-01","female","Non-Smoker",285000
66,66,"Dennie Bruntje     ","1966-04-27","2016-03-01","female","Non-Smoker",15000
67,67,"Marmaduke Grievson ","1985-04-12","2008-04-01","male","Smoker",240000
68,68,"Estelle Fayter     ","1953-10-16","1983-09-01","female","Non-Smoker",490000
69,69,"Gabriele DeVere - Hunt ","1952-03-09","1986-09-01","female","Non-Smoker",475000
70,70,"Terencio Hamerton  ","1983-11-19","2014-04-01","female","Smoker",185000
71,71,"Carleton Rozzier   ","1978-10-05","1997-03-01","male","Non-Smoker",40000
72,72,"Kati Doddemeade    ","1993-04-09","2014-08-01","male","Smoker",380000
73,73,"Gare Milleton      ","1984-06-14","2005-10-01","female","Smoker",435000
74,74,"Jed Hache ","1958-04-02","1978-05-01","female","Non-Smoker",340000
75,75,"Upton Scarsbrick   ","1976-08-13","2007-05-01","male","Smoker",355000
76,76,"Pinchas Ceillier   ","1988-04-13","2006-04-01","male","Smoker",280000
77,77,"Isa Esslement      ","1979-11-15","2013-02-01","male","Non-Smoker",495000
78,78,"Prudy Nan Carrow   ","1986-08-02","2015-05-01","female","Non-Smoker",95000
79,79,"Marjy Scadden      ","1987-10-08","2004-11-01","male","Non-Smoker",35000
80,80,"Sal Eykelbosch     ","1980-11-08","2013-04-01","female","Non-Smoker",220000
81,81,"Cass Wardrop       ","1958-02-21","1974-12-01","male","Smoker",300000
82,82,"Rosita Sleightholme","1964-08-07","2004-08-01","male","Non-Smoker",430000
83,83,"Cris Maddock       ","1963-10-14","1987-03-01","male","Smoker",270000
84,84,"Sascha Dallaghan   ","1986-06-27","2003-08-01","male","Non-Smoker",260000
85,85,"Dianna Cartmale    ","1978-07-24","1997-02-01","female","Non-Smoker",50000
86,86,"Patsy Hazlewood    ","1989-11-19","2014-04-01","female","Non-Smoker",100000
87,87,"Arlena Veare       ","1991-03-18","2009-10-01","male","Smoker",475000
88,88,"Morgan Blowin      ","1993-05-02","2012-02-01","male","Non-Smoker",175000
89,89,"Danyette Witherow  ","1961-04-21","2004-05-01","female","Smoker",345000
90,90,"Mead de Werk       ","1959-10-21","2000-10-01","male","Non-Smoker",275000
91,91,"Delphinia Chinnery ","1969-05-18","2008-07-01","female","Smoker",230000
92,92,"Leora Ducarne      ","1995-03-02","2012-02-01","male","Non-Smoker",390000
93,93,"Valentijn Di Bernardo   ","1963-01-07","2013-03-01","male","Smoker",210000
94,94,"Billie Turfs       ","1996-10-19","2015-11-01","female","Smoker",220000
95,95,"Torey Beeken       ","1960-05-05","2001-02-01","female","Smoker",240000
96,96,"Todd Minger        ","1961-01-17","2014-09-01","male","Non-Smoker",225000
97,97,"Nathalie Champney  ","1958-10-21","1976-04-01","female","Smoker",25000
98,98,"Sebastien Doerrling","1998-10-23","2015-02-01","male","Smoker",215000
99,99,"Austin Hairsnape   ","1989-04-06","2010-03-01","female","Non-Smoker",480000
100,100,"Diannne Boscott    ","1986-09-16","2012-02-01","female","Non-Smoker",490000
101,101,"Michaella Tuley    ","1951-12-24","2015-04-01","male","Smoker",55000
102,102,"Darryl Philpott    ","1989-09-20","2006-11-01","female","Smoker",405000
103,103,"Darwin Runacres    ","1965-04-26","2006-09-01","female","Smoker",275000
104,104,"Eugene Halms       ","1958-01-20","1985-09-01","female","Non-Smoker",255000
105,105,"Bili Butterly      ","1968-04-02","1993-05-01","male","Non-Smoker",195000
106,106,"Nefen Guilliatt    ","1956-08-07","2001-09-01","female","Non-Smoker",30000
107,107,"Bendix Berthome    ","1989-05-20","2010-05-01","male","Smoker",435000
108,108,"Penelopa Gilardoni ","1975-11-17","2000-04-01","female","Non-Smoker",85000
109,109,"Alena Scatchar     ","1954-07-03","1984-03-01","male","Smoker",70000
110,110,"Latisha Cochern    ","1976-09-14","2013-01-01","female","Smoker",195000
111,111,"Ruperta Desquesnes ","1982-02-05","2006-06-01","male","Non-Smoker",15000
112,112,"Ardelis Lewnden    ","1968-05-01","1992-08-01","female","Smoker",445000
113,113,"Luca Pering        ","1967-11-06","1983-09-01","female","Non-Smoker",330000
114,114,"Johnette Antognazzi","1974-04-19","1994-10-01","male","Smoker",120000
115,115,"Philomena Doman    ","1974-10-28","2011-04-01","male","Non-Smoker",395000
116,116,"Rozina Sergeaunt   ","1954-11-22","1976-07-01","male","Smoker",320000
117,117,"Gaylord Canto      ","1953-07-16","1992-05-01","female","Non-Smoker",270000
118,118,"Flossie Hartas     ","1988-09-20","2006-12-01","female","Non-Smoker",295000
119,119,"Brnaba Dugdale     ","1957-09-23","2011-05-01","female","Non-Smoker",150000
120,120,"Trstram Howle      ","1966-04-03","1984-03-01","female","Non-Smoker",30000
121,121,"Maribelle Prebble  ","1974-02-20","2009-05-01","female","Non-Smoker",295000
122,122,"Loreen Daintree    ","1988-05-06","2014-05-01","male","Non-Smoker",380000
123,123,"Christabel Carpenter    ","1951-01-18","2001-10-01","male","Non-Smoker",105000
124,124,"Ester Thurber      ","1967-10-08","1983-08-01","male","Smoker",85000
125,125,"Griffie Nott       ","1981-06-10","2008-07-01","female","Non-Smoker",105000
126,126,"Kathy Bavridge     ","1985-08-25","2014-10-01","male","Smoker",320000
127,127,"Bryan Telfer       ","1989-01-04","2013-07-01","male","Smoker",135000
128,128,"Max Lathan","1980-12-22","2013-04-01","female","Smoker",50000
129,129,"Berget Shacklady   ","1955-05-12","1985-02-01","female","Smoker",285000
130,130,"Sutton Milne       ","1960-12-26","1983-06-01","male","Non-Smoker",280000
131,131,"Clarice Scotchmoor ","1977-03-19","1995-05-01","male","Non-Smoker",395000
132,132,"Vassily Richardeau ","1983-08-01","1999-05-01","female","Smoker",460000
133,133,"Cindie Cona        ","1989-09-09","2010-03-01","male","Non-Smoker",190000
134,134,"Abbie Obin","1961-06-01","1980-02-01","male","Smoker",265000
135,135,"Nilson Moscrop     ","1996-11-17","2015-09-01","female","Smoker",405000
136,136,"Ursula Pepperill   ","1994-06-27","2011-03-01","male","Non-Smoker",270000
137,137,"Osborne Trounce    ","1963-04-09","1992-09-01","female","Non-Smoker",430000
138,138,"Dallon Buddington  ","1964-02-26","1993-09-01","male","Non-Smoker",25000
139,139,"Tatum Philcock     ","1998-07-06","2015-10-01","male","Smoker",230000
140,140,"Free Aslett        ","1979-11-19","2007-03-01","female","Smoker",380000
141,141,"Maura Pharrow      ","1963-05-10","1995-08-01","male","Smoker",325000
142,142,"Ronni Castelijn    ","1984-09-19","2012-06-01","female","Smoker",325000
143,143,"Nial Battman       ","1998-02-23","2016-09-01","male","Non-Smoker",440000
144,144,"Danell Livesay     ","1997-09-18","2014-10-01","female","Smoker",300000
145,145,"Olin Brosenius     ","1956-03-14","1984-08-01","female","Non-Smoker",320000
146,146,"Stafani Ricold     ","1994-01-05","2014-02-01","male","Non-Smoker",10000
147,147,"Ashlen Harty       ","1991-08-22","2008-06-01","male","Non-Smoker",205000
148,148,"Geralda Gradon     ","1955-09-17","2003-06-01","male","Smoker",50000
149,149,"Bryan Bowmen       ","1993-01-05","2014-09-01","male","Non-Smoker",25000
150,150,"Laina Cottill      ","1969-05-18","2013-02-01","female","Smoker",30000
151,151,"Claiborne Yansons  ","1986-05-07","2012-03-01","male","Non-Smoker",45000
152,152,"Willow Denial      ","1959-08-24","2010-10-01","female","Non-Smoker",170000
153,153,"Naomi Yearsley     ","1960-03-26","1999-02-01","female","Non-Smoker",130000
154,154,"Belia Izachik      ","1968-08-02","1993-02-01","female","Non-Smoker",460000
155,155,"Alameda Wiles      ","1973-08-23","2012-04-01","male","Smoker",285000
156,156,"Caria Quincey      ","1981-03-06","2009-02-01","male","Non-Smoker",470000
157,157,"Arline Holtum      ","1993-11-09","2013-06-01","female","Non-Smoker",230000
158,158,"Annadiana Morse    ","1953-09-21","1983-06-01","male","Non-Smoker",480000
159,159,"Johnette OLoughlin","1976-07-26","1992-06-01","female","Non-Smoker",190000
160,160,"Kurtis Langstone   ","1999-06-16","2015-12-01","female","Non-Smoker",430000
161,161,"Marion Sealey      ","1987-04-04","2007-01-01","male","Smoker",140000
162,162,"Hilda Kosel        ","1955-11-01","1980-02-01","female","Smoker",220000
163,163,"Dorolice Bound     ","1970-12-22","1997-11-01","male","Smoker",80000
164,164,"Halsy Soars        ","1957-07-18","1981-10-01","female","Non-Smoker",105000
165,165,"Bibi Titherington  ","1998-10-20","2015-06-01","female","Smoker",185000
166,166,"Alexis Podd        ","1997-11-02","2014-11-01","female","Non-Smoker",85000
167,167,"Cam Shilladay      ","1965-11-18","1983-10-01","female","Smoker",270000
168,168,"Esther Quene       ","1993-06-09","2015-09-01","female","Non-Smoker",225000
169,169,"Fionnula Duplock   ","1997-06-21","2013-02-01","female","Non-Smoker",415000
170,170,"Koralle Reignard   ","1999-11-06","2015-08-01","male","Smoker",215000
171,171,"Bessie Pendlebery  ","1996-04-02","2013-03-01","male","Non-Smoker",275000
172,172,"Brad Branchett     ","1997-07-25","2013-11-01","male","Non-Smoker",490000
173,173,"Eloisa Proby       ","1957-09-23","1998-09-01","male","Smoker",340000
174,174,"Inessa McNerlin    ","1998-05-13","2014-04-01","male","Smoker",260000
175,175,"Jedidiah Frango    ","1981-01-04","2008-06-01","female","Smoker",110000
176,176,"Giulia Derle       ","1967-05-11","2013-05-01","male","Smoker",195000
177,177,"Ambros Cullerne    ","1982-08-22","2016-12-01","female","Non-Smoker",275000
178,178,"Julietta Hiseman   ","1961-11-11","1993-07-01","female","Non-Smoker",410000
179,179,"Truman Duferie     ","1976-05-07","2008-03-01","female","Non-Smoker",85000
180,180,"Shea Bowser        ","1957-05-18","2004-05-01","male","Smoker",275000
181,181,"Dilly Burridge     ","1954-11-24","1974-10-01","male","Smoker",85000
182,182,"Ollie Shoebotham   ","1993-05-15","2013-04-01","female","Non-Smoker",250000
183,183,"Alicea Wickman     ","1984-02-12","2015-12-01","female","Smoker",465000
184,184,"Boris Anthonies    ","1985-11-02","2011-10-01","male","Smoker",185000
185,185,"Kinny Badham       ","1977-03-25","2001-06-01","male","Non-Smoker",225000
186,186,"Pernell Lamperti   ","1993-08-26","2010-04-01","female","Non-Smoker",245000
187,187,"Leona McQuade      ","1959-05-02","1980-09-01","male","Non-Smoker",330000
188,188,"Carlene Limer      ","1951-10-06","1975-11-01","female","Smoker",325000
189,189,"Armando Bredee     ","1984-03-04","2011-06-01","male","Smoker",425000
190,190,"Cecil Poschel      ","1980-05-15","2002-05-01","male","Non-Smoker",205000
191,191,"Kylynn Lorans      ","1955-10-22","1986-02-01","male","Smoker",165000
192,192,"Michele Kingsnode  ","1996-09-02","2014-03-01","female","Non-Smoker",455000
193,193,"Norbert Rupel      ","1954-04-03","2006-02-01","female","Smoker",380000
194,194,"Katlin Doram       ","1967-03-05","2010-05-01","male","Non-Smoker",470000
195,195,"Red Jeffries       ","1996-03-17","2016-11-01","male","Smoker",160000
196,196,"Sharl Cluett       ","1970-10-21","1996-06-01","male","Non-Smoker",80000
197,197,"Gill Praundlin     ","1975-04-17","1994-12-01","female","Smoker",335000
198,198,"Benedetto Lotwich  ","1973-04-16","2013-04-01","female","Non-Smoker",155000
199,199,"Roanne Baxill      ","1964-12-17","2000-09-01","male","Smoker",320000
200,200,"Lazar Sawney       ","1951-06-18","1969-11-01","male","Smoker",315000
201,201,"Miguel Harbisher   ","1977-07-05","1997-10-01","female","Non-Smoker",405000
202,202,"Derrick Blackford  ","1978-03-05","1998-10-01","male","Non-Smoker",65000
203,203,"Arron Flecknell    ","1999-09-08","2015-02-01","female","Non-Smoker",30000
204,204,"Arman Justham      ","1972-11-11","2012-03-01","male","Smoker",125000
205,205,"Robinet Hazeman    ","1958-10-17","1993-10-01","female","Smoker",115000
206,206,"Robers Kynforth    ","1978-06-21","2005-09-01","female","Non-Smoker",385000
207,207,"Matthaeus Bruna    ","1987-11-13","2003-01-01","female","Non-Smoker",20000
208,208,"Tawsha Sarjent     ","1954-11-21","2013-12-01","male","Non-Smoker",180000
209,209,"Bronnie OGleasane ","1968-04-23","1993-06-01","male","Non-Smoker",75000
210,210,"Jacquenetta Renon  ","1991-04-26","2014-04-01","male","Smoker",100000
211,211,"Morganica Skedge   ","1975-03-04","1992-10-01","female","Non-Smoker",410000
212,212,"Ivar Searle        ","1957-10-21","1976-08-01","male","Non-Smoker",295000
213,213,"Elsa Dowdney       ","1987-07-26","2013-10-01","female","Smoker",340000
214,214,"Marley Plume       ","1972-08-17","2000-02-01","male","Non-Smoker",420000
215,215,"Tanney Mower       ","1964-10-11","2010-04-01","male","Smoker",105000
216,216,"Mada Server        ","1962-11-11","1992-09-01","female","Smoker",450000
217,217,"Grazia Gowling     ","1989-06-23","2012-06-01","male","Smoker",50000
218,218,"Caria Walklett     ","1975-06-20","1996-05-01","male","Smoker",340000
219,219,"Celle OHickey     ","1991-01-09","2016-05-01","female","Non-Smoker",65000
220,220,"Twyla Triggs       ","1978-10-13","2013-09-01","male","Smoker",390000
221,221,"Natty Meneo        ","1974-02-19","1996-04-01","male","Non-Smoker",160000
222,222,"Heriberto Stokoe   ","1972-01-05","2004-03-01","female","Smoker",150000
223,223,"Tiff Aindriu       ","1967-07-26","1984-03-01","male","Non-Smoker",260000
224,224,"Therese Leinweber  ","1978-12-21","2010-10-01","female","Smoker",400000
225,225,"Leonie Scholey     ","1975-05-27","1998-06-01","male","Smoker",250000
226,226,"Myranda Caldeiro   ","1979-05-22","2007-03-01","male","Non-Smoker",95000
227,227,"Abie Pointer       ","1970-06-04","2004-07-01","male","Non-Smoker",25000
228,228,"Marquita Dimitrijevic   ","1959-06-08","2003-07-01","male","Smoker",210000
229,229,"Hallie Rodgers     ","1984-12-26","2013-01-01","male","Non-Smoker",210000
230,230,"Chariot Sarjent    ","1980-11-03","2001-08-01","female","Non-Smoker",470000
231,231,"Dania Rotge        ","1996-11-15","2014-04-01","male","Non-Smoker",55000
232,232,"Conan Bowdler      ","1953-04-12","2011-08-01","female","Smoker",430000
233,233,"Timmy Likly        ","1951-12-13","1997-04-01","male","Non-Smoker",355000
234,234,"Rebe Cleland       ","1972-09-16","1996-09-01","female","Smoker",325000
235,235,"Galina Mougeot     ","1968-06-17","2008-06-01","male","Non-Smoker",490000
236,236,"Joya Patek","1971-09-15","1999-07-01","female","Non-Smoker",80000
237,237,"Case Faraker       ","1994-10-16","2011-04-01","male","Smoker",360000
238,238,"Rosamond Lusty     ","1977-07-05","2015-04-01","female","Non-Smoker",385000
239,239,"Dalston Stenson    ","1972-03-23","2000-11-01","male","Smoker",355000
240,240,"Tailor Clerc       ","1985-09-10","2006-03-01","male","Non-Smoker",75000
241,241,"Kala Alejandro     ","1986-04-23","2016-02-01","female","Smoker",360000
242,242,"Codie Shurrocks    ","1958-05-06","2014-02-01","male","Smoker",215000
243,243,"Zane Biesty        ","1990-02-21","2008-08-01","male","Smoker",45000
244,244,"Alwyn Pendreigh    ","1959-05-23","1981-06-01","male","Smoker",435000
245,245,"Harris Bagworth    ","1985-09-19","2007-05-01","male","Non-Smoker",120000
246,246,"Norbert Ingleby    ","1986-08-10","2007-09-01","female","Smoker",365000
247,247,"Pattin Gooley      ","1973-06-20","2005-06-01","male","Smoker",425000
248,248,"Deirdre Chellingworth   ","1994-05-16","2015-01-01","male","Smoker",325000
249,249,"Devin Falkner      ","1968-01-22","1993-09-01","female","Smoker",10000
250,250,"Arly Keller        ","1995-04-05","2016-07-01","male","Non-Smoker",265000
251,251,"Lindsay Bergstrand ","1965-06-06","1983-09-01","male","Smoker",215000
252,252,"Jesse Kissick      ","1954-12-05","1992-06-01","female","Smoker",380000
253,253,"Jeffie Summons     ","1991-07-15","2008-02-01","male","Smoker",100000
254,254,"Aleen Leedes       ","1985-07-23","2004-09-01","female","Smoker",210000
255,255,"Gabriel Plaister   ","1960-03-23","1989-07-01","female","Non-Smoker",145000
256,256,"Marcelia Leacock   ","1995-11-19","2011-11-01","female","Non-Smoker",345000
257,257,"Carita Daviddi     ","1983-02-16","2003-10-01","female","Non-Smoker",205000
258,258,"Clemmy MacComiskey ","1957-10-07","1986-05-01","female","Smoker",370000
259,259,"Dacie Roloff       ","1998-03-13","2014-03-01","male","Smoker",110000
260,260,"Raffaello Southby  ","1963-06-23","1996-04-01","female","Smoker",440000
261,261,"Burgess Alfonso    ","1994-04-18","2011-08-01","male","Smoker",40000
262,262,"Lexy Origin        ","1998-10-26","2015-03-01","female","Smoker",315000
263,263,"Rod Dallicott      ","1975-03-24","1994-07-01","female","Smoker",250000
264,264,"Felicdad Westrey   ","1977-06-17","2012-07-01","female","Non-Smoker",335000
265,265,"Frederick Mauger   ","1977-09-25","1997-10-01","female","Smoker",80000
266,266,"Bran Firpo","1952-11-16","2012-04-01","female","Smoker",295000
267,267,"Tiffy Life","1960-01-23","2016-07-01","male","Non-Smoker",200000
268,268,"Marlowe Llorente   ","1964-11-11","2015-06-01","female","Smoker",400000
269,269,"Jedidiah Rowcliffe ","1978-05-02","2016-12-01","female","Smoker",35000
270,270,"Willamina Luchetti ","1970-09-12","2000-01-01","female","Smoker",345000
271,271,"Ynez Barbe","1959-05-25","2010-05-01","female","Smoker",445000
272,272,"Donovan Uzielli    ","1972-11-20","2005-11-01","female","Non-Smoker",140000
273,273,"Reggy Nowick       ","1993-04-20","2010-02-01","male","Non-Smoker",415000
274,274,"Mick Poytres       ","1982-02-19","2009-11-01","female","Smoker",280000
275,275,"Dennie Hollow      ","1982-01-23","2011-02-01","female","Smoker",95000
276,276,"Johannah Timperley ","1991-07-26","2011-11-01","male","Smoker",500000
277,277,"Alfred Panton      ","1999-10-07","2016-08-01","female","Non-Smoker",450000
278,278,"Carce Bilsland     ","1978-11-08","2003-01-01","male","Smoker",470000
279,279,"Dorie Ofield       ","1968-11-19","1986-10-01","male","Smoker",240000
280,280,"Cookie Stooders    ","1960-02-03","1984-11-01","male","Non-Smoker",125000
281,281,"Trudy Rutland      ","1997-06-27","2015-05-01","female","Non-Smoker",240000
282,282,"Timofei Argent     ","1975-08-05","2005-08-01","female","Smoker",415000
283,283,"Gypsy Beacroft     ","1970-04-03","2003-07-01","female","Non-Smoker",375000
284,284,"Randene Newe       ","1984-10-06","2001-04-01","male","Non-Smoker",375000
285,285,"Alyse Linthead     ","1963-07-24","2005-07-01","male","Non-Smoker",260000
286,286,"Barthel Presnail   ","1989-11-18","2006-09-01","female","Smoker",275000
287,287,"Charlie Jagielski  ","1993-06-08","2013-02-01","male","Smoker",130000
288,288,"Vinni Canellas     ","1974-02-02","1992-05-01","female","Non-Smoker",250000
289,289,"Law Bondesen       ","1971-02-11","2008-04-01","female","Smoker",260000
290,290,"Angil Spencley     ","1963-09-22","2009-05-01","female","Non-Smoker",30000
291,291,"Jany Hasel","1952-06-14","2013-11-01","male","Non-Smoker",235000
292,292,"Desdemona Dain     ","1972-03-25","2006-07-01","female","Non-Smoker",425000
293,293,"Reinhold Sodo      ","1984-03-23","2001-02-01","male","Non-Smoker",295000
294,294,"Molly Blunkett     ","1997-07-07","2014-09-01","female","Non-Smoker",180000
295,295,"Franchot Jarrel    ","1983-07-05","2007-09-01","female","Smoker",30000
296,296,"Merola Witul       ","1985-11-19","2004-06-01","female","Non-Smoker",165000
297,297,"Farrell Orr        ","1986-05-21","2015-09-01","female","Smoker",160000
298,298,"Easter Tosh        ","1986-10-25","2007-07-01","female","Non-Smoker",105000
299,299,"Waylan Gallardo    ","1979-07-18","2005-04-01","male","Non-Smoker",135000
300,300,"Brice Liger        ","1999-09-22","2016-05-01","male","Smoker",430000
301,301,"Mellicent Dumbrall ","1999-04-12","2015-07-01","male","Non-Smoker",255000
302,302,"Anthia Livett      ","1975-11-16","2008-10-01","male","Non-Smoker",370000
303,303,"Jamie Truggian     ","1998-01-03","2015-10-01","female","Non-Smoker",55000
304,304,"Vita Brosoli       ","1990-02-15","2015-02-01","male","Non-Smoker",175000
305,305,"Sharai Tanti       ","1973-04-11","2003-07-01","male","Non-Smoker",250000
306,306,"Vida Fincke        ","1977-01-17","2012-01-01","male","Non-Smoker",490000
307,307,"Veda Nulty","1992-05-23","2014-06-01","male","Smoker",260000
308,308,"Candida Flippelli  ","1971-08-12","2010-09-01","female","Smoker",350000
309,309,"Janelle Yandle     ","1966-04-25","2013-12-01","male","Non-Smoker",35000
310,310,"Marline Sebrens    ","1987-11-07","2014-02-01","female","Non-Smoker",400000
311,311,"Brittany Grangier  ","1994-09-10","2010-12-01","male","Smoker",460000
312,312,"Melantha Randle    ","1976-05-18","2012-10-01","female","Smoker",500000
313,313,"Arne Ricardet      ","1988-01-25","2012-08-01","male","Non-Smoker",260000
314,314,"Blanca Wetheril    ","1964-08-02","1991-02-01","female","Non-Smoker",110000
315,315,"Nilson Evers       ","1970-05-18","2009-09-01","female","Smoker",160000
316,316,"Neel Gothliff      ","1951-07-25","1996-12-01","male","Non-Smoker",40000
317,317,"Datha Veal","1970-06-24","1990-07-01","male","Non-Smoker",490000
318,318,"Timothy Sporgeon   ","1957-08-17","1979-10-01","male","Non-Smoker",420000
319,319,"Ariana Bourthoumieux    ","1967-03-06","2000-10-01","female","Non-Smoker",320000
320,320,"Pamelina Dendle    ","1996-08-13","2014-05-01","male","Non-Smoker",450000
321,321,"Georges Suff       ","1961-04-24","1991-01-01","male","Non-Smoker",250000
322,322,"Alexandra Preist   ","1964-12-10","1992-11-01","male","Smoker",290000
323,323,"Tomasina Inder     ","1956-06-05","1992-07-01","female","Smoker",500000
324,324,"Wendel Pykerman    ","1970-11-23","2003-04-01","female","Non-Smoker",225000
325,325,"Washington Zanneli ","1954-08-20","2000-09-01","male","Smoker",305000
326,326,"Cchaddie Sergean   ","1965-08-18","2009-03-01","male","Smoker",430000
327,327,"Brandais Pegram    ","1973-11-22","2003-02-01","female","Non-Smoker",365000
328,328,"Patricia Bigly     ","1977-07-19","2013-08-01","male","Non-Smoker",475000
329,329,"Loydie Stalf       ","1950-02-01","1992-04-01","female","Smoker",190000
330,330,"Mirna Jarvis       ","1971-02-27","1999-04-01","female","Smoker",210000
331,331,"Leonidas Farlambe  ","1953-02-16","2007-06-01","female","Non-Smoker",450000
332,332,"Konstanze Holson   ","1971-06-04","2002-06-01","male","Non-Smoker",460000
333,333,"Staffard Amesbury  ","1963-09-01","1984-12-01","male","Non-Smoker",50000
334,334,"Averil Sirr        ","1952-09-12","1996-05-01","female","Smoker",410000
335,335,"Linus Bramhill     ","2000-10-01","2016-08-01","male","Smoker",35000
336,336,"Nita Goggan        ","1978-11-23","2016-04-01","male","Non-Smoker",70000
337,337,"Dodi Towle","1987-08-21","2008-06-01","male","Non-Smoker",80000
338,338,"Kayla Snooks       ","1998-05-09","2015-05-01","female","Non-Smoker",100000
339,339,"Tracee Camosso     ","1953-08-20","2005-08-01","male","Non-Smoker",15000
340,340,"Drucill Javes      ","1968-06-24","2005-08-01","male","Smoker",375000
341,341,"Kelby Sterndale    ","1974-04-11","2012-10-01","female","Smoker",85000
342,342,"Susy Maunder       ","1975-04-05","1996-02-01","female","Non-Smoker",370000
343,343,"Matthiew Schoolcroft    ","2000-09-21","2016-01-01","female","Smoker",300000
344,344,"Prudence Lude      ","1969-02-13","1995-03-01","female","Non-Smoker",85000
345,345,"Shelli Bramsom     ","1995-11-08","2012-10-01","female","Non-Smoker",365000
346,346,"Britni Crathern    ","1976-05-14","1993-03-01","male","Non-Smoker",95000
347,347,"Johan Monsey       ","1980-07-18","2006-04-01","female","Non-Smoker",455000
348,348,"Terence Pendergrast","1991-01-17","2010-06-01","male","Non-Smoker",90000
349,349,"Lanni Boast        ","1982-03-08","2014-10-01","male","Non-Smoker",50000
350,350,"Jobyna Standell    ","1983-04-09","2012-07-01","female","Smoker",245000
351,351,"Loutitia Sudell    ","1983-06-25","2003-08-01","male","Smoker",15000
352,352,"Dean Kellough      ","1989-07-03","2015-12-01","male","Non-Smoker",140000
353,353,"Patience Larner    ","1957-05-05","1995-08-01","female","Non-Smoker",425000
354,354,"Nadean Northing    ","1990-03-08","2008-03-01","female","Non-Smoker",260000
355,355,"Darren Espinoza    ","1970-10-25","2003-10-01","male","Smoker",470000
356,356,"Sandor Burchill    ","1968-04-09","1989-05-01","female","Non-Smoker",455000
357,357,"Leda Mesnard       ","1985-09-13","2012-11-01","female","Smoker",310000
358,358,"Hoyt Ruperti       ","1975-09-03","1996-01-01","male","Smoker",135000
359,359,"Lena Osmond        ","1978-07-10","2009-08-01","male","Smoker",455000
360,360,"Irv Webber","1999-02-06","2016-04-01","female","Smoker",70000
361,361,"Elise Kearsley     ","1970-09-08","2008-07-01","female","Non-Smoker",215000
362,362,"Gallard Klaessen   ","1958-06-21","1985-10-01","female","Smoker",355000
363,363,"Brandy Grimbleby   ","1969-04-17","1996-10-01","female","Smoker",290000
364,364,"Shanda Gratrix     ","1991-06-03","2016-08-01","female","Smoker",205000
365,365,"Jillane Buggs      ","1958-07-14","1995-10-01","female","Non-Smoker",415000
366,366,"Pincus Ridges      ","1984-07-25","2000-05-01","male","Non-Smoker",45000
367,367,"Tades Lenham       ","1992-06-09","2016-04-01","female","Non-Smoker",45000
368,368,"Merrily Janeczek   ","1951-05-26","1997-04-01","male","Smoker",80000
369,369,"Brittan MacKeeg    ","1990-07-08","2014-07-01","male","Non-Smoker",180000
370,370,"Ewart Brogiotti    ","1971-04-14","1996-04-01","male","Non-Smoker",255000
371,371,"Jourdan Carnilian  ","1973-03-27","1990-09-01","female","Smoker",330000
372,372,"Ellen Arnely       ","1981-07-02","2013-05-01","female","Smoker",135000
373,373,"Rosaleen Burgot    ","1984-04-06","2015-07-01","male","Smoker",410000
374,374,"Rosalinde Mertel   ","1975-09-13","2014-10-01","female","Non-Smoker",435000
375,375,"Josephine Gamon    ","1968-11-14","1998-11-01","male","Smoker",350000
376,376,"Anthony Saffe      ","1977-10-20","1995-09-01","male","Non-Smoker",425000
377,377,"Nigel Pirkis       ","1951-11-01","1989-06-01","male","Smoker",140000
378,378,"Katalin Hamper     ","1995-09-09","2014-02-01","male","Smoker",130000
379,379,"Ashien Piercy      ","1999-01-03","2015-10-01","male","Non-Smoker",280000
380,380,"Frederico Feore    ","1966-07-19","1989-07-01","female","Non-Smoker",310000
381,381,"Theodosia Champion ","1989-04-01","2009-09-01","female","Non-Smoker",85000
382,382,"Timofei Wanklin    ","1998-09-10","2015-04-01","male","Smoker",460000
383,383,"Raquela Dwine      ","1976-09-10","2006-09-01","female","Smoker",230000
384,384,"Winslow Keuntje    ","1963-07-23","2016-02-01","female","Non-Smoker",210000
385,385,"Rip Sherar","1960-09-26","2013-02-01","female","Smoker",210000
386,386,"Bianca Gladden     ","1975-03-09","2005-11-01","female","Non-Smoker",470000
387,387,"Kim Kid   ","1978-10-04","2006-06-01","female","Non-Smoker",450000
388,388,"Jimmy Swanton      ","1978-09-04","1997-06-01","male","Smoker",70000
389,389,"Linn Andriss       ","1971-11-14","2003-05-01","male","Non-Smoker",60000
390,390,"Cullie Braxton     ","1983-10-11","2012-06-01","female","Non-Smoker",260000
391,391,"Rorke Darycott     ","1962-05-16","2002-09-01","female","Smoker",15000
392,392,"Dave Abba ","1961-12-16","1999-08-01","male","Non-Smoker",20000
393,393,"Lezlie Betonia     ","1960-03-01","2012-02-01","female","Non-Smoker",145000
394,394,"Caria Lambourn     ","1996-06-14","2013-10-01","male","Non-Smoker",180000
395,395,"Ariella Fensome    ","1977-10-11","1995-09-01","male","Smoker",455000
396,396,"Zared Thireau      ","1980-09-07","2008-08-01","male","Non-Smoker",485000
397,397,"Harris Pylkynyton  ","1984-07-02","2016-06-01","male","Smoker",35000
398,398,"Nappie Ricketts    ","1987-12-22","2008-06-01","male","Non-Smoker",35000
399,399,"Mada Hulett        ","1959-04-06","1999-06-01","male","Smoker",495000
400,400,"Dennet Zanelli     ","1976-10-15","2001-11-01","male","Smoker",495000
401,401,"Carlye Donaghie    ","1960-02-20","2006-02-01","male","Smoker",85000
402,402,"Griffin Molen      ","1969-12-10","1993-05-01","male","Smoker",335000
403,403,"Guglielmo Romagosa ","1958-03-06","1986-06-01","male","Smoker",460000
404,404,"Dulcie Tedman      ","1954-10-04","1975-07-01","female","Smoker",295000
405,405,"Jennee Plaxton     ","1955-07-26","1988-12-01","female","Smoker",425000
406,406,"Nichole Trouncer   ","1964-10-19","1985-10-01","female","Non-Smoker",335000
407,407,"Juliane Wilshin    ","1988-01-19","2006-08-01","female","Smoker",175000
408,408,"Willette Killock   ","1955-03-13","1977-07-01","male","Smoker",490000
409,409,"Giulio Whitbread   ","1996-09-18","2014-09-01","female","Smoker",170000
410,410,"Jacky Maeer        ","1955-04-16","1982-03-01","female","Smoker",45000
411,411,"Fianna Ure","1987-02-28","2004-07-01","male","Non-Smoker",500000
412,412,"Devlen Pandya      ","1998-09-05","2014-06-01","female","Smoker",300000
413,413,"Benyamin McTeague  ","1953-06-15","1997-08-01","female","Smoker",10000
414,414,"Rustin McKernan    ","1980-08-13","2000-12-01","female","Smoker",220000
415,415,"Deerdre Ablett     ","1965-11-15","2001-04-01","female","Smoker",455000
416,416,"Donica Chad        ","1992-07-27","2009-10-01","male","Smoker",75000
417,417,"Far Checo ","1969-03-04","2006-08-01","female","Non-Smoker",215000
418,418,"Ave Hammerman      ","1992-02-20","2016-06-01","male","Non-Smoker",335000
419,419,"Rosaleen Durant    ","1981-06-08","2004-09-01","male","Smoker",225000
420,420,"Irvine Cardenoso   ","1987-05-14","2007-04-01","female","Non-Smoker",80000
421,421,"Hagan Boothe       ","1980-02-17","2007-05-01","male","Non-Smoker",155000
422,422,"Gilburt Streeting  ","1953-02-02","2014-02-01","male","Smoker",495000
423,423,"Gunar Dominici     ","1967-02-07","1995-06-01","female","Smoker",275000
424,424,"Sheri Dalling      ","1992-02-11","2009-08-01","female","Non-Smoker",255000
425,425,"Honey Cardew       ","1965-03-19","1990-08-01","female","Smoker",155000
426,426,"Booth Scanderet    ","1997-07-24","2014-03-01","male","Smoker",85000
427,427,"Terra Bluck        ","1992-10-27","2012-04-01","female","Non-Smoker",115000
428,428,"Dawn Bulle","1984-03-16","2007-04-01","female","Non-Smoker",285000
429,429,"Aleksandr Peracco  ","1973-11-26","2010-06-01","male","Non-Smoker",255000
430,430,"Jacquetta OLynn   ","1984-10-18","2015-06-01","male","Non-Smoker",65000
431,431,"Heinrik De Michele ","1995-04-13","2016-11-01","male","Non-Smoker",215000
432,432,"Kennith Rabjohn    ","1995-05-06","2011-07-01","male","Smoker",365000
433,433,"Lazarus Roadknight ","1993-03-18","2013-02-01","male","Smoker",415000
434,434,"Isobel Neill       ","1993-12-04","2014-10-01","female","Smoker",100000
435,435,"Valentine Ilewicz  ","1983-03-14","2008-10-01","male","Smoker",485000
436,436,"Genny Abrahamowitcz","1991-07-24","2014-12-01","female","Smoker",70000
437,437,"Jennee Upcott      ","1958-07-04","2006-05-01","male","Smoker",245000
438,438,"Dori Easseby       ","1994-03-21","2012-05-01","female","Smoker",210000
439,439,"Clarette Bohl      ","1977-10-23","2015-07-01","male","Smoker",445000
440,440,"Benni Pouton       ","1966-07-02","1987-01-01","female","Non-Smoker",420000
441,441,"Tate Skehens       ","1969-10-21","2008-10-01","female","Non-Smoker",290000
442,442,"Misti Marrison     ","1967-04-12","2016-11-01","female","Smoker",450000
443,443,"Joye Delacroix     ","1988-05-14","2013-06-01","male","Non-Smoker",85000
444,444,"Maegan Dowsing     ","2000-04-05","2016-08-01","male","Smoker",470000
445,445,"Debera Cleverley   ","1972-02-25","2002-03-01","male","Non-Smoker",110000
446,446,"Eziechiele Slowley ","1972-09-13","1992-10-01","female","Non-Smoker",360000
447,447,"Lucilia Brassill   ","1954-01-25","1989-06-01","female","Smoker",255000
448,448,"Denny Alliband     ","1967-08-28","2014-03-01","male","Non-Smoker",110000
449,449,"Manya Jackett      ","1990-05-09","2008-09-01","female","Smoker",190000
450,450,"Cairistiona Dosedale    ","1964-11-15","1995-12-01","male","Non-Smoker",420000
451,451,"Carolin Taborre    ","1950-08-18","2009-03-01","female","Smoker",360000
452,452,"Jenni Balam        ","1959-09-03","1997-06-01","female","Smoker",290000
453,453,"Traci Shard        ","1985-02-04","2011-09-01","female","Non-Smoker",255000
454,454,"Janeczka Arkcoll   ","1985-11-17","2006-09-01","female","Smoker",320000
455,455,"Briant Wroath      ","1954-03-07","1988-09-01","female","Smoker",495000
456,456,"Nicholle Stannion  ","1959-12-24","2008-03-01","female","Non-Smoker",425000
457,457,"Jessamyn McPartling","1967-05-10","2014-08-01","female","Non-Smoker",45000
458,458,"Daveta Cudiff      ","1993-06-05","2012-03-01","male","Smoker",455000
459,459,"Joe Hasslocher     ","1957-02-08","1997-09-01","male","Non-Smoker",85000
460,460,"Obed Pretsell      ","1966-10-20","1998-10-01","male","Non-Smoker",480000
461,461,"Kenon McGoogan     ","1976-04-03","1995-10-01","male","Non-Smoker",315000
462,462,"Cobb Di Batista    ","1971-07-23","1999-07-01","male","Non-Smoker",160000
463,463,"Johan Tebbit       ","1958-09-17","1995-06-01","female","Smoker",220000
464,464,"Jefferson Kleisel  ","1977-04-16","2013-05-01","female","Smoker",125000
465,465,"Marne Fonteyne     ","1978-03-01","1995-12-01","male","Smoker",220000
466,466,"Temp Frammingham   ","1959-07-15","1976-02-01","female","Non-Smoker",360000
467,467,"Milicent Coyle     ","1976-11-23","1996-06-01","female","Smoker",445000
468,468,"Gaby Trevaskis     ","1989-02-21","2014-05-01","male","Non-Smoker",320000
469,469,"Valida Erasmus     ","1966-09-11","1992-07-01","male","Non-Smoker",465000
470,470,"Kayne Mouncher     ","1997-03-16","2014-12-01","male","Non-Smoker",345000
471,471,"Noellyn Boagey     ","1997-04-18","2014-10-01","female","Smoker",450000
472,472,"Milt Engeham       ","1982-07-01","2008-05-01","female","Non-Smoker",180000
473,473,"Carney Klimes      ","1968-12-23","2012-09-01","male","Smoker",295000
474,474,"Dante Heamus       ","1978-05-15","2011-09-01","male","Non-Smoker",250000
475,475,"Eric Rapley        ","1979-03-14","2015-07-01","male","Non-Smoker",145000
476,476,"Kenn Friskey       ","1977-07-21","2013-12-01","male","Non-Smoker",320000
477,477,"Frazier MacCathay  ","1996-06-10","2015-06-01","male","Smoker",310000
478,478,"Riva Ledwith       ","1956-09-19","2003-08-01","male","Non-Smoker",280000
479,479,"Pamella Rennie     ","1970-03-23","2002-04-01","female","Smoker",10000
480,480,"Shem Ardron        ","1966-12-04","2006-04-01","male","Non-Smoker",240000
481,481,"Gino Ferreira      ","1967-02-14","2005-06-01","male","Non-Smoker",145000
482,482,"Blane Harbertson   ","1957-02-10","2012-05-01","male","Non-Smoker",405000
483,483,"Rayna Jouaneton    ","1952-07-15","2006-09-01","female","Non-Smoker",235000
484,484,"Brandy Daveridge   ","1966-05-21","2016-07-01","female","Non-Smoker",315000
485,485,"Feliza Pawels      ","1960-09-02","1995-03-01","male","Smoker",145000
486,486,"Vonny Newgrosh     ","1995-03-04","2012-01-01","female","Non-Smoker",185000
487,487,"Tonia Dinnington   ","1963-02-27","2012-02-01","female","Smoker",175000
488,488,"Maddie Skurm       ","1992-10-16","2013-02-01","female","Smoker",385000
489,489,"Flor MacCawley     ","1979-09-09","2006-06-01","male","Smoker",475000
490,490,"Suzie Meuse        ","1981-02-21","1997-11-01","female","Non-Smoker",380000
491,491,"Bartel Vousden     ","1953-10-22","1999-08-01","female","Smoker",420000
492,492,"Micheil Shelly     ","1989-04-12","2013-05-01","female","Non-Smoker",420000
493,493,"Alisa Rens","1973-01-03","1996-08-01","male","Smoker",145000
494,494,"Laughton Fleote    ","1981-08-27","2009-11-01","male","Non-Smoker",260000
495,495,"Fitzgerald Antonovic    ","1982-05-24","2006-04-01","male","Smoker",480000
496,496,"Bonni Bowton       ","1985-07-20","2012-08-01","female","Smoker",315000
497,497,"Mitchael Fearney   ","1980-02-28","2008-06-01","female","Smoker",10000
498,498,"Tadeo Wooster      ","1961-11-08","2009-10-01","male","Non-Smoker",500000
499,499,"Isobel Rotter      ","1953-01-01","1973-07-01","male","Smoker",25000
500,500,"Cullan Sewter      ","1986-02-22","2007-06-01","female","Non-Smoker",285000
501,501,"Joellyn Akam       ","1977-03-18","2000-10-01","female","Non-Smoker",325000
502,502,"Cathrine Mattis    ","1966-09-15","2003-09-01","male","Smoker",385000
503,503,"Kelli Beves        ","1996-06-16","2016-03-01","male","Smoker",490000
504,504,"Christa Saylor     ","1993-09-15","2015-09-01","female","Smoker",465000
505,505,"Ivy Ege   ","1963-10-06","1989-12-01","female","Smoker",140000
506,506,"Kenton McQuillin   ","1971-08-19","2006-06-01","male","Smoker",445000
507,507,"Patsy Trott        ","1963-03-04","2010-06-01","male","Smoker",275000
508,508,"Auguste Talks      ","1972-08-16","2015-02-01","female","Non-Smoker",425000
509,509,"Elliot Norewood    ","1996-11-21","2015-02-01","male","Non-Smoker",475000
510,510,"Bevon Kimmons      ","1966-06-21","1999-06-01","female","Smoker",305000
511,511,"Lisetta Rumin      ","1957-05-04","1998-04-01","female","Non-Smoker",380000
512,512,"Joya Jurgen        ","1965-05-06","1985-05-01","female","Smoker",200000
513,513,"Maggie Mutter      ","1970-02-16","2011-08-01","male","Smoker",310000
514,514,"Mil Szimon","1970-12-24","1988-09-01","female","Non-Smoker",60000
515,515,"Crissie Valiant    ","1968-07-10","2009-04-01","male","Smoker",500000
516,516,"Henriette Shulem   ","1993-06-20","2010-07-01","female","Smoker",265000
517,517,"Jena Perview       ","1979-07-12","2005-05-01","female","Smoker",325000
518,518,"Jasmine Japp       ","1970-02-23","2010-07-01","female","Smoker",320000
519,519,"Melisandra Gavrielli    ","1969-08-03","2015-01-01","female","Smoker",185000
520,520,"Neall Thomsson     ","1991-07-15","2009-10-01","male","Smoker",55000
521,521,"Elfreda Jarrold    ","1953-01-15","1978-04-01","male","Smoker",225000
522,522,"Saundra Midlane    ","1965-03-05","2009-07-01","female","Smoker",95000
523,523,"Holly Coalburn     ","1980-10-06","2013-03-01","female","Smoker",190000
524,524,"Gerry Gontier      ","1975-06-25","1998-09-01","male","Non-Smoker",305000
525,525,"Jacquetta Triplow  ","1973-06-04","2005-11-01","female","Non-Smoker",360000
526,526,"Micaela Ickeringill","1980-06-19","2006-02-01","female","Non-Smoker",275000
527,527,"Carolin Bearns     ","1994-06-18","2013-07-01","female","Non-Smoker",500000
528,528,"Selma Purslow      ","1954-02-14","1972-11-01","male","Non-Smoker",65000
529,529,"Cherice Stodit     ","1972-04-26","2015-10-01","female","Non-Smoker",95000
530,530,"Abelard Lello      ","1972-09-13","1994-10-01","female","Non-Smoker",215000
531,531,"Goran Levesley     ","1997-03-15","2013-07-01","female","Non-Smoker",425000
532,532,"Stephana Rozycki   ","1962-03-04","2015-11-01","male","Smoker",420000
533,533,"Wilma Gimbrett     ","1976-05-22","1995-05-01","male","Non-Smoker",455000
534,534,"Lou Chotty","1959-09-26","1984-11-01","female","Smoker",145000
535,535,"Hamid Gaylord      ","1980-05-16","2001-10-01","female","Non-Smoker",230000
536,536,"Cathy Mathewson    ","1987-07-22","2009-03-01","female","Smoker",150000
537,537,"Malorie Nadin      ","1991-02-16","2014-04-01","male","Non-Smoker",110000
538,538,"Matthieu Cruz      ","1959-08-17","2011-11-01","female","Smoker",360000
539,539,"Cameron Dreamer    ","1968-06-06","1996-03-01","female","Non-Smoker",80000
540,540,"Joseito Insley     ","1998-04-20","2015-12-01","female","Smoker",300000
541,541,"Cathy Sapshed      ","1991-11-26","2009-07-01","female","Non-Smoker",480000
542,542,"Charo Boswood      ","2000-03-28","2016-03-01","female","Non-Smoker",445000
543,543,"Becki Dionsetti    ","1972-12-11","2007-07-01","female","Smoker",215000
544,544,"Shandee Nester     ","1960-03-05","2010-10-01","male","Non-Smoker",75000
545,545,"Sadye Arnholtz     ","1975-12-19","1992-09-01","male","Non-Smoker",45000
546,546,"Diane Dibner       ","1996-12-03","2016-02-01","male","Smoker",415000
547,547,"Mei McClifferty    ","1963-10-04","2016-02-01","female","Non-Smoker",120000
548,548,"Rois Rushsorth     ","1955-03-27","2001-05-01","female","Smoker",80000
549,549,"Annissa Firks      ","1984-01-09","2011-03-01","female","Non-Smoker",360000
550,550,"Constantine Kenton ","1976-04-23","2007-10-01","male","Non-Smoker",35000
551,551,"Ailsun Salvatore   ","1989-03-14","2007-10-01","female","Smoker",330000
552,552,"Sarah Gostridge    ","1954-04-10","1971-05-01","female","Non-Smoker",440000
553,553,"Giustino Pritty    ","1960-05-16","1996-04-01","male","Smoker",165000
554,554,"Stavro Sydes       ","1969-06-13","2011-03-01","female","Non-Smoker",15000
555,555,"Cameron Hoogendorp ","1981-04-09","2008-12-01","female","Non-Smoker",15000
556,556,"Reinaldos Moneypenny    ","1981-05-18","2000-12-01","female","Non-Smoker",50000
557,557,"Morena Huntingford ","1989-07-26","2015-09-01","female","Smoker",25000
558,558,"Nikaniki Videan    ","1993-02-08","2012-10-01","male","Smoker",40000
559,559,"Ozzy Kingham       ","1966-10-25","1993-03-01","male","Smoker",500000
560,560,"Robby Semper       ","1982-09-12","2009-11-01","male","Non-Smoker",465000
561,561,"Darya Leefe        ","1974-06-24","2011-05-01","male","Smoker",115000
562,562,"Madeleine Redit    ","1970-07-04","2003-08-01","male","Smoker",130000
563,563,"Amory Varley       ","1994-03-15","2014-03-01","female","Non-Smoker",85000
564,564,"Noe Purches        ","1968-07-02","1984-07-01","male","Non-Smoker",330000
565,565,"Edy Gomez ","1996-11-13","2016-06-01","female","Smoker",470000
566,566,"Cathlene Asey      ","1967-04-20","2011-11-01","male","Non-Smoker",215000
567,567,"Ebony Caunter      ","1992-11-21","2011-05-01","female","Smoker",80000
568,568,"Marquita Cometto   ","1979-06-17","2014-08-01","male","Smoker",360000
569,569,"Cly Charle","1955-06-10","1976-10-01","male","Smoker",40000
570,570,"Wrennie Saunier    ","1993-08-08","2014-06-01","female","Smoker",180000
571,571,"Evelina Aubrey     ","1969-08-01","2006-01-01","male","Non-Smoker",215000
572,572,"Graham Von Gladbach","1989-07-13","2011-05-01","male","Non-Smoker",395000
573,573,"Linnet Kopfer      ","1968-06-01","1989-12-01","female","Non-Smoker",315000
574,574,"Sophie Galler      ","1988-10-24","2016-08-01","female","Non-Smoker",75000
575,575,"Alleyn Molloy      ","1991-06-02","2009-12-01","male","Smoker",15000
576,576,"Stephi Innocent    ","1975-05-08","1992-09-01","male","Smoker",280000
577,577,"Whitney Divina     ","1959-05-24","1998-10-01","female","Smoker",265000
578,578,"Mohandis Lyndon    ","1972-04-24","2015-02-01","female","Non-Smoker",205000
579,579,"Melony Maiden      ","1953-09-06","1991-07-01","male","Non-Smoker",130000
580,580,"Gerald Birrell     ","1966-07-18","1994-08-01","female","Smoker",145000
581,581,"Ruperto Sackler    ","1959-03-05","1993-08-01","female","Non-Smoker",145000
582,582,"Torin MacCathay    ","1973-02-08","1995-12-01","female","Non-Smoker",320000
583,583,"Madelena Critchlow ","1983-07-27","2010-05-01","female","Smoker",290000
584,584,"Tommie Geydon      ","1987-02-14","2009-04-01","male","Smoker",405000
585,585,"Dedra Hawkeridge   ","1959-06-26","2004-05-01","male","Smoker",185000
586,586,"Diana Jewers       ","1978-04-15","2009-06-01","male","Non-Smoker",65000
587,587,"Robyn Gaytor       ","1997-06-12","2014-04-01","female","Non-Smoker",460000
588,588,"Dalia Lehenmann    ","1990-06-09","2011-02-01","female","Smoker",485000
589,589,"Gray Slarke        ","1970-10-16","2005-05-01","female","Smoker",180000
590,590,"Barnaby Worster    ","1973-05-04","1997-01-01","male","Smoker",500000
591,591,"Gratia Arnauduc    ","1979-09-19","2010-10-01","male","Non-Smoker",450000
592,592,"Lyman Labrum       ","1988-04-14","2010-04-01","male","Smoker",335000
593,593,"Nye Simenot        ","1989-02-10","2007-10-01","female","Smoker",435000
594,594,"Adelaide Bretton   ","1961-08-16","2003-08-01","female","Smoker",370000
595,595,"Adrea Exton        ","1958-01-06","2012-08-01","male","Smoker",185000
596,596,"Jennette Verlinden ","1951-01-17","1976-03-01","female","Non-Smoker",340000
597,597,"Martelle Kopps     ","1963-04-13","1997-09-01","male","Non-Smoker",280000
598,598,"Abbey Haensel      ","1967-06-08","1984-05-01","male","Smoker",290000
599,599,"Ursala Omand       ","1981-07-05","2005-06-01","male","Smoker",305000
600,600,"Lana Kinnerk       ","1951-08-16","1991-07-01","female","Smoker",105000
601,601,"Nikola Saltman     ","1980-12-25","2008-06-01","female","Non-Smoker",220000
602,602,"Dionne Lafaye      ","1958-01-22","2007-06-01","female","Non-Smoker",195000
603,603,"Axel Pavek","1997-10-21","2014-09-01","female","Non-Smoker",250000
604,604,"Fitz Courcey       ","1997-05-09","2014-11-01","male","Smoker",340000
605,605,"Caryl Christofides ","1979-04-26","2000-02-01","female","Non-Smoker",305000
606,606,"Philipa Yanele     ","1976-10-04","1994-05-01","male","Smoker",80000
607,607,"Morganica Duesberry","1997-10-25","2014-03-01","female","Smoker",365000
608,608,"Tye Flaxman        ","1964-05-04","1984-07-01","male","Non-Smoker",30000
609,609,"Bradly Yu ","1957-06-04","1995-08-01","male","Smoker",300000
610,610,"Didi Caccavale     ","1991-07-11","2009-05-01","female","Non-Smoker",125000
611,611,"Lynda Diano        ","1989-05-16","2007-04-01","male","Smoker",455000
612,612,"Wakefield Norwood  ","1992-06-20","2012-09-01","female","Non-Smoker",290000
613,613,"Dorian Tobin       ","1955-01-03","2002-09-01","female","Non-Smoker",60000
614,614,"Percival Killingworth   ","1954-10-02","1978-02-01","male","Smoker",455000
615,615,"Egon Tille","1958-04-28","2001-08-01","male","Smoker",310000
616,616,"Dana Doorbar       ","1955-01-11","1990-06-01","male","Smoker",65000
617,617,"Smitty Bemment     ","1972-06-03","1994-07-01","male","Non-Smoker",90000
618,618,"Winona Popov       ","1971-09-09","2015-06-01","female","Smoker",65000
619,619,"Munmro Seamen      ","1950-09-13","2005-09-01","female","Non-Smoker",305000
620,620,"Reina Methringham  ","1995-02-17","2014-10-01","female","Smoker",110000
621,621,"Pennie Toner       ","1958-10-11","2001-07-01","male","Smoker",80000
622,622,"Kali Vasilchikov   ","1990-01-05","2015-07-01","female","Non-Smoker",455000
623,623,"Farris Beech       ","1981-11-02","2005-08-01","female","Non-Smoker",390000
624,624,"Fern Pittendreigh  ","1995-05-01","2016-08-01","male","Non-Smoker",75000
625,625,"Chad Manes","1986-05-19","2009-12-01","male","Smoker",355000
626,626,"Stavros Haker      ","1992-07-16","2013-03-01","female","Non-Smoker",280000
627,627,"Seymour Aloshechkin","1964-10-23","1988-12-01","female","Smoker",165000
628,628,"Hammad Roch        ","1976-04-10","2008-05-01","female","Smoker",245000
629,629,"Win Atthow","1992-08-01","2012-05-01","male","Smoker",455000
630,630,"Cami Fendt","1959-07-27","2009-03-01","male","Smoker",175000
631,631,"Alyss Rowthorne    ","1997-06-03","2016-07-01","male","Smoker",110000
632,632,"Adriena Malt       ","1984-11-18","2011-04-01","female","Non-Smoker",240000
633,633,"Frederik Gilchriest","1984-11-16","2015-03-01","female","Smoker",275000
634,634,"Laurent Giannini   ","1993-04-21","2012-12-01","male","Smoker",225000
635,635,"Husain Bewshaw     ","1971-10-23","2015-11-01","female","Non-Smoker",415000
636,636,"Flem Katt ","1950-12-22","1990-07-01","male","Smoker",190000
637,637,"Xymenes Skillman   ","1960-07-07","1990-09-01","female","Non-Smoker",250000
638,638,"Ermina Leadstone   ","1971-05-10","1992-09-01","female","Non-Smoker",110000
639,639,"Emilio Folke       ","1984-11-12","2000-04-01","female","Non-Smoker",490000
640,640,"Oran Jagielski     ","1968-11-17","2011-04-01","female","Non-Smoker",195000
641,641,"Gav Facer ","1976-04-04","2001-06-01","female","Non-Smoker",165000
642,642,"Ariela Matteacci   ","1987-05-04","2004-06-01","female","Smoker",495000
643,643,"Elianora Rymer     ","1985-06-21","2011-11-01","female","Smoker",30000
644,644,"Vivyan Gruszka     ","1990-09-11","2014-11-01","female","Non-Smoker",55000
645,645,"Stormi Danzelman   ","1964-04-27","1996-04-01","male","Non-Smoker",370000
646,646,"Adams Boriston     ","1991-10-07","2012-05-01","male","Non-Smoker",115000
647,647,"Reinaldo Bilbee    ","1970-11-02","2008-09-01","male","Non-Smoker",325000
648,648,"Sylvia Giovannilli ","1972-01-12","2006-12-01","male","Non-Smoker",295000
649,649,"Lyndy Yirrell      ","1979-11-25","2011-07-01","male","Non-Smoker",230000
650,650,"Arnoldo Antonsen   ","1973-07-19","2011-04-01","female","Smoker",375000
651,651,"Trix Mac  ","1995-05-24","2016-10-01","female","Smoker",340000
652,652,"Joleen Cathro      ","1987-02-26","2005-04-01","male","Non-Smoker",485000
653,653,"Dosi Petranek      ","1985-02-16","2009-10-01","female","Smoker",245000
654,654,"Carolyne Spenton   ","1953-07-25","2000-11-01","female","Non-Smoker",20000
655,655,"Wyndham Bilt       ","1990-05-15","2007-08-01","male","Non-Smoker",480000
656,656,"Ciro Blackaby      ","1991-09-18","2014-03-01","male","Smoker",175000
657,657,"Trish Andrejevic   ","1956-04-25","1985-11-01","male","Non-Smoker",320000
658,658,"Dee dee Tallow     ","1993-09-17","2015-01-01","male","Smoker",255000
659,659,"Jeth Tidball       ","1971-03-05","1991-10-01","male","Smoker",475000
660,660,"Lanae Eschalette   ","1990-05-12","2014-02-01","female","Smoker",485000
661,661,"Gerladina Scandred ","1953-11-13","1994-06-01","female","Smoker",280000
662,662,"Ardath Rubinivitz  ","1999-08-28","2015-08-01","female","Non-Smoker",50000
663,663,"Alex Perone        ","1991-07-13","2016-05-01","male","Smoker",410000
664,664,"Elna Schubart      ","1987-05-21","2006-11-01","female","Non-Smoker",145000
665,665,"Filippa Rusted     ","1978-09-18","1996-11-01","male","Non-Smoker",305000
666,666,"Alister Ellingsworth    ","1986-12-24","2003-07-01","female","Smoker",125000
667,667,"Glynda Belson      ","1952-01-16","1972-07-01","female","Smoker",175000
668,668,"Vitoria McMullen   ","1952-02-23","2008-02-01","male","Non-Smoker",370000
669,669,"Lockwood Raw       ","1975-08-07","2015-09-01","male","Smoker",105000
670,670,"Gavan Caulwell     ","1989-11-03","2012-05-01","male","Smoker",380000
671,671,"Max Brandle        ","1974-10-09","2014-10-01","male","Smoker",315000
672,672,"Petronia Rudeforth ","1965-10-18","1986-08-01","male","Smoker",115000
673,673,"Iosep Baugh        ","1972-07-03","1995-09-01","male","Non-Smoker",465000
674,674,"Dominick Sneller   ","1989-02-14","2010-03-01","male","Non-Smoker",375000
675,675,"Donica Foulgham    ","1983-07-01","2009-11-01","male","Smoker",240000
676,676,"Elberta Ferdinand  ","1960-05-08","2003-05-01","female","Non-Smoker",20000
677,677,"Glendon Keiley     ","1950-07-10","2000-02-01","female","Non-Smoker",265000
678,678,"Skipp Matveyev     ","1992-11-20","2009-08-01","female","Non-Smoker",500000
679,679,"Dinnie Stook       ","1968-06-23","1991-05-01","female","Smoker",60000
680,680,"Wilona Cacacie     ","1974-05-08","2004-12-01","male","Non-Smoker",55000
681,681,"Raff Portwaine     ","1984-09-15","2005-06-01","male","Non-Smoker",400000
682,682,"Brigitta Gaunter   ","1951-03-21","2007-10-01","male","Non-Smoker",260000
683,683,"Hercule Shee       ","1991-11-01","2016-09-01","male","Smoker",270000
684,684,"Angelique Sustin   ","1965-11-13","2009-02-01","female","Non-Smoker",220000
685,685,"Chere Seaton       ","1954-06-15","1982-10-01","female","Smoker",125000
686,686,"Clio Randlesome    ","1958-05-15","1996-04-01","female","Smoker",215000
687,687,"Alina Millam       ","1983-11-01","2013-09-01","female","Smoker",30000
688,688,"Cosetta Astbery    ","1980-12-14","2008-02-01","female","Non-Smoker",455000
689,689,"Ado Gurdon","1977-03-07","2004-09-01","male","Smoker",435000
690,690,"Latrina Crambie    ","1954-06-28","2010-10-01","female","Non-Smoker",65000
691,691,"Barbette Biggadike ","1968-07-10","2001-07-01","male","Smoker",325000
692,692,"Janek OIlier       ","1994-10-15","2010-06-01","female","Smoker",475000
693,693,"Gratia Antonelli   ","1959-04-27","1993-10-01","female","Non-Smoker",85000
694,694,"Sidoney Brandle    ","1967-03-11","1989-03-01","male","Non-Smoker",235000
695,695,"Damon Gammett      ","1953-08-08","2013-03-01","male","Non-Smoker",145000
696,696,"Donavon Dahlbom    ","1971-10-03","1999-05-01","male","Non-Smoker",170000
697,697,"Jaquenetta Yakunkin","1998-04-15","2014-05-01","male","Smoker",450000
698,698,"Arlyne Airth       ","1970-06-03","1998-07-01","male","Non-Smoker",75000
699,699,"Adore Rotham       ","1973-12-17","2005-08-01","female","Smoker",235000
700,700,"Andy Gillion       ","1963-05-08","2016-02-01","male","Non-Smoker",55000
701,701,"Welch Guerin       ","1977-03-24","2000-04-01","male","Smoker",195000
702,702,"Earvin Boulds      ","1997-03-14","2015-08-01","male","Non-Smoker",440000
703,703,"Cherianne Coopman  ","1988-10-13","2016-10-01","female","Non-Smoker",450000
704,704,"Nannie Pepin       ","1973-08-08","2004-11-01","female","Smoker",415000
705,705,"Reyna Hiddersley   ","1999-04-14","2015-06-01","female","Smoker",220000
706,706,"Damaris Redholes   ","1988-08-18","2008-05-01","male","Smoker",240000
707,707,"Denny Purselowe    ","1959-09-05","2012-02-01","male","Smoker",320000
708,708,"Emelyne Housegoe   ","1988-03-22","2013-09-01","male","Smoker",305000
709,709,"Kassie Surtees     ","1968-03-09","1988-06-01","female","Non-Smoker",495000
710,710,"Almire Deveril     ","1968-09-02","2008-04-01","male","Non-Smoker",430000
711,711,"Mortie Collman     ","1967-06-05","1990-06-01","female","Smoker",235000
712,712,"Haze Mc Mechan     ","1974-08-23","2000-03-01","male","Smoker",390000
713,713,"Darsey McGeouch    ","1952-11-06","1988-02-01","female","Smoker",195000
714,714,"Lexine Von Oertzen ","2000-12-13","2016-05-01","female","Non-Smoker",310000
715,715,"Jehu Paybody       ","1974-07-08","2001-06-01","male","Non-Smoker",340000
716,716,"Valaria Janic      ","1958-02-23","2006-03-01","male","Non-Smoker",350000
717,717,"Mikol Skouling     ","1972-08-16","2011-04-01","female","Smoker",35000
718,718,"Shirleen Lygo      ","1986-12-14","2003-03-01","male","Non-Smoker",315000
719,719,"Oliviero Altimas   ","1995-07-24","2014-11-01","female","Smoker",465000
720,720,"Elsie Birdsey      ","1984-09-22","2005-02-01","female","Smoker",125000
721,721,"Malchy Parren      ","1976-12-22","2003-08-01","male","Non-Smoker",55000
722,722,"Rosanne Lavallie   ","1963-09-16","1988-06-01","male","Smoker",275000
723,723,"Dickie Tooker      ","1962-04-19","1997-06-01","female","Smoker",25000
724,724,"Donn Garwood       ","1955-10-19","1984-09-01","female","Smoker",95000
725,725,"Kailey Degoey      ","1981-05-20","2009-06-01","male","Smoker",250000
726,726,"Hewe OLunny       ","1956-05-05","1996-02-01","female","Smoker",465000
727,727,"Thibaut Fitzhenry  ","1962-10-23","1992-12-01","male","Smoker",405000
728,728,"Leupold Snoddon    ","1998-09-07","2016-09-01","male","Non-Smoker",300000
729,729,"Blanch Grieswood   ","1966-02-27","2012-06-01","female","Non-Smoker",175000
730,730,"Erasmus Vittle     ","1999-02-25","2016-02-01","male","Non-Smoker",385000
731,731,"Nicol Jaray        ","1991-11-23","2012-07-01","female","Smoker",320000
732,732,"Rivkah Crommett    ","1994-06-12","2013-12-01","male","Non-Smoker",370000
733,733,"Moll Nell ","1954-08-05","1988-12-01","female","Non-Smoker",415000
734,734,"Kearney Paulin     ","1986-05-01","2008-09-01","female","Non-Smoker",455000
735,735,"Lorine Havoc       ","1955-06-12","2004-12-01","male","Non-Smoker",70000
736,736,"Keen Andreolli     ","1975-04-13","2003-10-01","male","Smoker",155000
737,737,"Annis Bissiker     ","1964-03-17","2004-05-01","male","Smoker",400000
738,738,"Caye Paice","1973-08-02","1990-02-01","male","Non-Smoker",345000
739,739,"Godart Krabbe      ","1985-07-06","2016-04-01","female","Smoker",450000
740,740,"Annabelle MacGrath ","1967-07-21","2014-11-01","female","Non-Smoker",220000
741,741,"Rooney Harber      ","1991-07-09","2007-05-01","male","Smoker",70000
742,742,"Jeremy Davidsohn   ","1963-07-09","2002-04-01","male","Non-Smoker",270000
743,743,"Oliy Jacobowitz    ","1998-02-11","2015-10-01","male","Smoker",130000
744,744,"Homer Patemore     ","1990-11-10","2013-01-01","female","Non-Smoker",370000
745,745,"Nicolea Faherty    ","1971-07-21","1988-06-01","male","Smoker",310000
746,746,"Hermione Newlyn    ","1964-08-26","2014-03-01","male","Smoker",330000
747,747,"Eunice Keasley     ","1957-06-03","2004-06-01","female","Smoker",435000
748,748,"Brig Gynne","1989-02-27","2010-05-01","male","Non-Smoker",485000
749,749,"Delaney Blaver     ","1980-09-24","1999-11-01","male","Non-Smoker",265000
750,750,"Selena Flacknell   ","1971-09-22","1989-04-01","female","Non-Smoker",100000
751,751,"Cecil Mayhow       ","1998-02-02","2015-10-01","female","Smoker",465000
752,752,"Allistir Custed    ","1999-06-05","2015-12-01","male","Smoker",250000
753,753,"Franni Koschke     ","1973-05-24","2001-05-01","female","Non-Smoker",475000
754,754,"Karl Abisetti      ","1992-12-19","2014-05-01","male","Non-Smoker",145000
755,755,"Beitris Allchorne  ","1981-05-06","2004-10-01","male","Non-Smoker",240000
756,756,"Beulah Whyatt      ","1972-03-17","1999-05-01","male","Smoker",95000
757,757,"Bryna Luquet       ","1962-11-22","1997-11-01","female","Non-Smoker",255000
758,758,"Lynda Ackland      ","1989-12-22","2015-08-01","male","Smoker",10000
759,759,"Rosie Aiton        ","1979-08-18","2005-02-01","male","Smoker",380000
760,760,"Orv Randall        ","1993-01-05","2015-04-01","female","Non-Smoker",235000
761,761,"Cassy Procter      ","1966-10-08","1993-04-01","female","Smoker",325000
762,762,"Cointon Houseman   ","1956-04-24","1996-10-01","female","Non-Smoker",370000
763,763,"Brewer Brosch      ","1979-10-05","1998-06-01","female","Non-Smoker",360000
764,764,"Carl Siburn        ","1988-07-12","2012-10-01","male","Smoker",125000
765,765,"Stevy Petteford    ","1972-03-09","1993-09-01","female","Smoker",480000
766,766,"Reinhard Scarlet   ","2000-09-24","2016-01-01","male","Non-Smoker",40000
767,767,"Celestyna Dyster   ","1992-03-16","2009-10-01","female","Smoker",60000
768,768,"Florian Crowthe    ","1968-02-25","1988-09-01","male","Smoker",385000
769,769,"Trudy Bonifant     ","1999-08-03","2016-07-01","female","Non-Smoker",180000
770,770,"Jerrie Tubridy     ","1973-07-11","2011-10-01","female","Non-Smoker",225000
771,771,"Iggy Grealish      ","1961-03-13","1995-08-01","female","Non-Smoker",275000
772,772,"Elianore Joysey    ","1958-08-11","2015-02-01","male","Smoker",375000
773,773,"Tim Elkin ","1950-03-02","2004-12-01","female","Non-Smoker",390000
774,774,"Cassandre Feaks    ","1956-09-05","1982-03-01","male","Smoker",275000
775,775,"Giuseppe Eckels    ","1995-07-04","2014-12-01","female","Smoker",420000
776,776,"Winne Sherred      ","1955-04-23","2006-10-01","male","Non-Smoker",15000
777,777,"Rabbi Meadway      ","1969-01-21","1997-09-01","male","Smoker",500000
778,778,"Tallie MacRierie   ","1953-11-19","1990-10-01","male","Non-Smoker",290000
779,779,"Morna Skehens      ","1965-03-21","1993-04-01","female","Smoker",165000
780,780,"Zack Artz ","1980-02-03","2010-09-01","male","Non-Smoker",50000
781,781,"Jerrilyn Tither    ","1987-09-03","2009-11-01","female","Smoker",135000
782,782,"Brittan Uc","1970-06-05","1994-08-01","male","Non-Smoker",40000
783,783,"Aldrich Cloute     ","1971-04-26","1992-06-01","male","Smoker",410000
784,784,"Munroe OBrogan    ","1964-09-23","1986-07-01","male","Smoker",195000
785,785,"Domenic Edmenson   ","1969-09-18","1988-09-01","male","Non-Smoker",495000
786,786,"Elberta Garrat     ","1956-02-05","2011-05-01","female","Smoker",195000
787,787,"Fran Rakestraw     ","1984-05-23","2013-09-01","female","Smoker",255000
788,788,"Mireille Buckles   ","1961-10-02","1989-11-01","female","Non-Smoker",320000
789,789,"Amara McWhirter    ","1993-03-21","2015-11-01","male","Non-Smoker",445000
790,790,"Codie Brende       ","1980-03-13","2004-08-01","female","Non-Smoker",75000
791,791,"Paquito Young      ","1992-07-11","2011-07-01","female","Non-Smoker",275000
792,792,"Estelle Grayston   ","1993-04-18","2010-04-01","male","Non-Smoker",255000
793,793,"Morris Dressel     ","1974-02-10","1992-05-01","female","Smoker",250000
794,794,"Glenn Hatley       ","1966-07-10","1982-08-01","female","Smoker",195000
795,795,"Jolie Gueinn       ","1992-09-20","2011-09-01","male","Smoker",35000
796,796,"Barrie Shippam     ","1958-08-26","1998-10-01","male","Non-Smoker",305000
797,797,"Bartlett Tippett   ","1974-04-18","2010-08-01","female","Smoker",405000
798,798,"Syman de Chastelain","1992-05-09","2014-09-01","male","Non-Smoker",70000
799,799,"Theresa Angood     ","1994-08-23","2014-12-01","male","Non-Smoker",275000
800,800,"Maybelle Heavyside ","1958-04-20","1989-10-01","female","Smoker",240000
801,801,"Tibold Isac        ","1988-09-10","2014-02-01","female","Non-Smoker",80000
802,802,"Megen DeAth       ","1999-04-18","2016-06-01","male","Smoker",65000
803,803,"Hatti Dowry        ","1955-09-22","1986-02-01","female","Non-Smoker",135000
804,804,"Stesha Brodie      ","1987-10-11","2009-05-01","male","Smoker",475000
805,805,"Mitchel Maffeo     ","1971-11-05","1987-09-01","male","Non-Smoker",500000
806,806,"Fan Keymar","1998-12-27","2015-11-01","male","Smoker",25000
807,807,"Cecile Tomasino    ","1993-11-06","2012-10-01","male","Non-Smoker",95000
808,808,"Hailee Braams      ","1985-09-23","2008-03-01","male","Non-Smoker",220000
809,809,"Sullivan Papa      ","1992-04-26","2014-07-01","male","Non-Smoker",150000
810,810,"Isabeau Franschini ","1993-05-20","2010-11-01","male","Smoker",100000
811,811,"Berri Staveley     ","1957-07-22","1987-11-01","female","Smoker",500000
812,812,"Dyana Daout        ","1952-02-21","1994-10-01","male","Non-Smoker",30000
813,813,"Amalee Asgodby     ","1994-10-02","2010-02-01","female","Non-Smoker",370000
814,814,"Ibby Arling        ","1999-04-05","2015-09-01","female","Smoker",430000
815,815,"Cointon Rolling    ","1953-03-11","2009-03-01","female","Non-Smoker",455000
816,816,"Ashil Tortoise     ","1985-07-13","2009-10-01","male","Smoker",440000
817,817,"Rey Scarrott       ","1966-06-17","1998-07-01","male","Smoker",225000
818,818,"Christian Farnaby  ","1988-04-03","2007-03-01","male","Smoker",185000
819,819,"Kissee Stickles    ","1988-11-04","2010-05-01","female","Smoker",390000
820,820,"Dionis Mullany     ","1982-12-09","1999-06-01","female","Smoker",300000
821,821,"Therese Enderson   ","1990-01-06","2015-08-01","male","Non-Smoker",85000
822,822,"Tobie Risen        ","1968-10-22","2005-09-01","male","Non-Smoker",300000
823,823,"Kristin Cressingham","1995-05-03","2013-11-01","male","Smoker",390000
824,824,"Estrella Hanbury-Brown  ","1971-04-28","2008-10-01","female","Non-Smoker",335000
825,825,"Hebert Cancellor   ","1962-05-18","1993-05-01","male","Smoker",335000
826,826,"Wilmar Carlucci    ","1984-05-09","2001-04-01","male","Non-Smoker",240000
827,827,"Diego Hudghton     ","1987-07-07","2013-04-01","female","Smoker",110000
828,828,"Beale Martinovic   ","1954-02-21","1980-10-01","female","Smoker",495000
829,829,"Zach Southwood     ","1962-01-01","1983-11-01","female","Smoker",325000
830,830,"Mabel Wysome       ","1961-12-10","1977-09-01","female","Non-Smoker",440000
831,831,"Cherilynn Lapthorne","1954-02-09","2007-09-01","female","Smoker",465000
832,832,"Robyn Rennels      ","1999-10-03","2015-07-01","male","Non-Smoker",280000
833,833,"Jacquie Sterling   ","1970-08-02","2015-09-01","male","Smoker",460000
834,834,"Nora Scotsbrook    ","1965-03-18","2004-11-01","female","Smoker",320000
835,835,"Idell Bearn        ","1964-04-21","2009-08-01","male","Non-Smoker",90000
836,836,"Prinz Lovegrove    ","1968-01-23","2000-10-01","male","Non-Smoker",235000
837,837,"Eilis Gummoe       ","1983-06-11","2003-04-01","male","Smoker",405000
838,838,"Neel Pick ","1950-11-12","2013-07-01","female","Non-Smoker",255000
839,839,"Mathias Ivanin     ","1977-01-17","2011-11-01","female","Smoker",415000
840,840,"Blinny Cohr        ","1951-04-05","1978-05-01","female","Smoker",320000
841,841,"Gay Miner ","1956-08-02","2015-07-01","male","Smoker",245000
842,842,"Thor Lamzed        ","1956-11-14","1987-11-01","male","Smoker",360000
843,843,"Tim Kimmitt        ","1988-01-11","2007-04-01","female","Smoker",65000
844,844,"Irvin Kempston     ","1966-02-28","2006-08-01","female","Smoker",185000
845,845,"Linc Lathleiff     ","1983-04-08","2014-04-01","female","Smoker",285000
846,846,"Heath Pennrington  ","1972-03-03","2007-07-01","female","Smoker",405000
847,847,"Cammy OCarran     ","1995-10-05","2014-10-01","male","Non-Smoker",300000
848,848,"Troy Jills","1961-11-24","1986-04-01","female","Non-Smoker",95000
849,849,"Melinde Fiveash    ","1973-08-23","2002-07-01","male","Non-Smoker",140000
850,850,"Oswald Francke     ","1992-10-12","2009-11-01","male","Smoker",355000
851,851,"Heida Dahlback     ","1960-11-17","2004-02-01","female","Non-Smoker",220000
852,852,"Beryl Jephcott     ","1975-09-24","1994-08-01","male","Non-Smoker",70000
853,853,"Nikki MacGiolla    ","1990-03-22","2009-06-01","female","Non-Smoker",430000
854,854,"Darcy Horney      ","1960-05-22","2007-04-01","male","Non-Smoker",475000
855,855,"Lethia Ardley      ","1970-06-18","2006-04-01","male","Smoker",210000
856,856,"Estrellita Terrell ","1979-10-07","1998-04-01","male","Non-Smoker",65000
857,857,"Thayne Kellough    ","1967-08-20","2011-06-01","male","Non-Smoker",245000
858,858,"Farrah Common      ","1998-01-22","2014-02-01","male","Smoker",465000
859,859,"Ashby Fludgate     ","1996-10-23","2014-08-01","male","Non-Smoker",155000
860,860,"Claus Haskayne     ","1951-08-17","2012-05-01","female","Non-Smoker",225000
861,861,"Sargent Sirkett    ","1979-03-10","2002-09-01","male","Non-Smoker",255000
862,862,"Emyle Hanaby       ","1978-01-11","1994-09-01","female","Smoker",400000
863,863,"Danita Levens      ","1964-07-12","2015-05-01","male","Non-Smoker",30000
864,864,"Noreen Shawyer     ","1987-02-14","2013-12-01","female","Non-Smoker",405000
865,865,"Tasha Volante      ","1975-09-26","2004-06-01","male","Non-Smoker",300000
866,866,"Carolann Scarbarrow","1958-10-01","2003-05-01","female","Non-Smoker",455000
867,867,"Nanni Rizzelli     ","1976-05-25","2005-11-01","male","Smoker",200000
868,868,"Ardeen Dhennin     ","1972-03-12","2011-08-01","male","Non-Smoker",215000
869,869,"Rhiamon Lambart    ","1976-11-18","2012-05-01","male","Smoker",365000
870,870,"Blanch Loren       ","1986-04-20","2012-09-01","male","Smoker",115000
871,871,"Annora Wolfe       ","1956-11-03","1987-02-01","female","Smoker",435000
872,872,"Byron Rumke        ","1996-09-13","2015-02-01","female","Smoker",260000
873,873,"Freeman Cooper     ","1951-05-18","1976-02-01","female","Smoker",60000
874,874,"Latia Befroy       ","1964-09-17","1983-04-01","female","Smoker",415000
875,875,"Audre Hucquart     ","1981-05-26","2000-05-01","female","Non-Smoker",485000
876,876,"Christye Prall     ","1963-09-01","1986-03-01","female","Non-Smoker",35000
877,877,"Alia Rives","1997-09-16","2015-03-01","female","Non-Smoker",140000
878,878,"Billye Caplen      ","1968-02-07","2008-12-01","female","Non-Smoker",180000
879,879,"Cecilia Vines      ","1978-12-10","2003-04-01","male","Non-Smoker",240000
880,880,"Gun Kubacek        ","1985-08-21","2004-10-01","female","Non-Smoker",390000
881,881,"Brook Baggalley    ","1997-12-02","2015-08-01","male","Non-Smoker",240000
882,882,"Mollie Kulicke     ","1991-09-21","2008-03-01","male","Non-Smoker",50000
883,883,"Erny Filipovic     ","1965-03-08","1996-12-01","female","Non-Smoker",160000
884,884,"Jacquenette Dockreay    ","1981-03-10","1999-04-01","male","Non-Smoker",100000
885,885,"Brendis OFallone  ","1990-09-13","2015-01-01","female","Non-Smoker",325000
886,886,"Penelope Burr      ","1974-05-20","2007-09-01","male","Smoker",480000
887,887,"Peri Starmont      ","1975-07-15","1993-04-01","female","Non-Smoker",160000
888,888,"Camila Aysh        ","1992-05-16","2011-10-01","male","Non-Smoker",345000
889,889,"Renata Westby      ","1964-02-24","2008-03-01","male","Non-Smoker",350000
890,890,"Selby Muggleton    ","1995-05-18","2015-09-01","female","Smoker",240000
891,891,"Randolph Landrick  ","1993-02-21","2013-12-01","female","Non-Smoker",20000
892,892,"Olvan Glassup      ","1964-03-10","1981-05-01","male","Non-Smoker",255000
893,893,"Rodrique Hurcombe  ","1951-07-11","1968-08-01","male","Smoker",130000
894,894,"Sanford Whitters   ","1956-05-04","1972-05-01","female","Non-Smoker",60000
895,895,"Reagan Gush        ","1991-06-12","2012-09-01","male","Smoker",405000
896,896,"Frannie Larter     ","1967-07-24","1995-06-01","male","Smoker",10000
897,897,"Piotr Hiscocks     ","1963-08-21","1986-11-01","female","Smoker",400000
898,898,"Theobald Grob      ","1965-06-21","2006-04-01","female","Smoker",490000
899,899,"Brigida Brunner    ","1970-04-26","1989-12-01","female","Smoker",45000
900,900,"Johnette McWhorter ","1986-10-09","2005-02-01","male","Non-Smoker",395000
901,901,"Ellyn Leydon       ","1951-02-10","1973-05-01","male","Smoker",160000
902,902,"Hamel Grigorian    ","1974-06-18","2006-05-01","female","Smoker",355000
903,903,"Innis Dobel        ","1950-03-06","2003-09-01","female","Non-Smoker",385000
904,904,"Royall Currao      ","1981-06-03","1999-06-01","male","Smoker",130000
905,905,"Michaeline Sarten  ","1991-06-05","2011-12-01","female","Non-Smoker",10000
906,906,"Norrie Rumin       ","1995-04-15","2011-06-01","male","Smoker",470000
907,907,"Bogey Guille       ","1965-05-02","2007-02-01","male","Smoker",130000
908,908,"Mallory Vaughan    ","1955-05-01","1991-03-01","female","Smoker",320000
909,909,"Anthia Winks       ","1978-03-09","2003-06-01","female","Smoker",25000
910,910,"Kellia Gianulli    ","1963-03-03","2008-06-01","female","Smoker",295000
911,911,"Robby Spalton      ","1994-09-27","2015-07-01","male","Smoker",355000
912,912,"Leigha Suero       ","1954-09-15","1972-06-01","female","Smoker",350000
913,913,"Gregor Ianelli     ","1983-11-16","2002-10-01","female","Non-Smoker",375000
914,914,"Inglis Pering      ","1998-06-20","2016-10-01","male","Non-Smoker",345000
915,915,"Martelle Dows      ","1994-10-22","2016-12-01","male","Non-Smoker",285000
916,916,"Evanne Arter       ","1969-05-16","2006-07-01","male","Smoker",245000
917,917,"Krissie End        ","1969-04-20","1987-11-01","male","Smoker",140000
918,918,"Rozanne Oggers     ","2000-11-18","2016-12-01","female","Smoker",330000
919,919,"Dorotea Enevold    ","1960-05-19","1982-04-01","male","Smoker",240000
920,920,"Hort Mulvin        ","1998-07-12","2015-01-01","male","Non-Smoker",85000
921,921,"Risa Mayzes        ","1968-08-14","2012-01-01","female","Non-Smoker",360000
922,922,"Isaac Siggin       ","1987-06-11","2014-07-01","female","Smoker",465000
923,923,"Delia Kennewell    ","1987-11-09","2014-10-01","female","Non-Smoker",175000
924,924,"Kalil Orbon        ","1986-04-24","2011-06-01","male","Smoker",180000
925,925,"Cosmo Ivakhnov     ","1956-01-06","1992-05-01","male","Smoker",145000
926,926,"Madelaine Jobling  ","1953-10-04","1974-04-01","female","Smoker",55000
927,927,"Jodi Cheeseman     ","1988-10-21","2010-02-01","female","Smoker",20000
928,928,"Stavros Castelli   ","1964-10-04","1996-09-01","male","Non-Smoker",435000
929,929,"Zebulon Lamyman    ","1977-08-21","2010-10-01","female","Smoker",285000
930,930,"Reagan Wellesley   ","1961-03-10","1993-10-01","female","Smoker",500000
931,931,"Leon Kender        ","1973-10-07","2008-09-01","female","Non-Smoker",30000
932,932,"Arvie Gisbey       ","1992-09-07","2014-10-01","female","Non-Smoker",415000
933,933,"Alair Millin       ","1969-02-16","1993-07-01","female","Non-Smoker",175000
934,934,"Alia Toulson       ","1983-07-01","2000-10-01","male","Smoker",35000
935,935,"Shellysheldon Aldin","1953-04-27","1990-10-01","male","Smoker",10000
936,936,"Easter Hess        ","1981-10-02","2007-05-01","male","Smoker",60000
937,937,"Brigida Rutty      ","1983-02-20","2013-08-01","male","Non-Smoker",340000
938,938,"Regine Galea       ","1983-01-20","2014-04-01","male","Smoker",140000
939,939,"Homere Riddel      ","1978-05-22","1998-10-01","male","Smoker",15000
940,940,"Aloin Persitt      ","1962-12-09","2005-02-01","male","Smoker",425000
941,941,"Chilton Gammet     ","1972-09-13","1998-03-01","female","Smoker",325000
942,942,"Rogerio Heggadon   ","1988-02-16","2006-06-01","female","Non-Smoker",470000
943,943,"Amalia Shoosmith   ","1985-08-22","2014-11-01","female","Non-Smoker",450000
944,944,"Sayer Ackeroyd     ","1975-10-03","2002-09-01","male","Non-Smoker",70000
945,945,"Ursala Gourdon     ","1996-08-19","2015-06-01","female","Smoker",380000
946,946,"Elsa Simpkiss      ","1960-05-14","1985-07-01","male","Smoker",130000
947,947,"Alanson Crosson    ","1955-07-09","1990-06-01","male","Smoker",295000
948,948,"Leif Benito        ","1979-03-20","2001-10-01","male","Non-Smoker",35000
949,949,"Agnella Gasnoll    ","1990-09-18","2013-04-01","male","Non-Smoker",160000
950,950,"Brent Saenz        ","1979-07-27","2001-05-01","male","Smoker",375000
951,951,"Culver Lemmanbie   ","1996-04-11","2014-08-01","male","Non-Smoker",310000
952,952,"Christy Scyner     ","1975-10-06","2011-05-01","female","Smoker",355000
953,953,"Muire Healey       ","1975-04-10","2011-02-01","female","Non-Smoker",330000
954,954,"Bobbie Lapham      ","1953-04-27","2003-11-01","male","Smoker",100000
955,955,"Gunther Somerscales","1961-10-21","2011-09-01","female","Smoker",75000
956,956,"Rici Christophle   ","1972-02-04","2014-11-01","male","Smoker",245000
957,957,"Candace Wheelhouse ","1998-06-15","2016-04-01","male","Non-Smoker",375000
958,958,"Georgiana Tinghill ","1994-10-08","2013-04-01","male","Smoker",235000
959,959,"Barclay Crispe     ","1962-06-04","1979-05-01","female","Non-Smoker",275000
960,960,"Art Featherston    ","1964-11-07","1994-02-01","male","Smoker",165000
961,961,"Jamill Perrone     ","1980-04-26","2006-06-01","male","Smoker",435000
962,962,"Kimbra Cookson     ","1978-05-09","1998-06-01","male","Non-Smoker",65000
963,963,"Abbott Naseby      ","1996-10-21","2013-07-01","female","Non-Smoker",485000
964,964,"Carlen Haddleton   ","1986-02-16","2014-08-01","male","Smoker",50000
965,965,"Concettina Waldrum ","1974-01-09","2005-06-01","male","Non-Smoker",495000
966,966,"Ansell Sherringham ","1991-07-26","2010-01-01","female","Non-Smoker",15000
967,967,"Witty Walklott     ","1955-07-20","1983-05-01","male","Smoker",460000
968,968,"Mirna Scroggins    ","1969-07-13","2013-10-01","female","Smoker",145000
969,969,"Abe Gue   ","1953-10-18","2016-01-01","male","Non-Smoker",275000
970,970,"Kelci Starie       ","1986-10-07","2013-03-01","male","Non-Smoker",160000
971,971,"Wallis Gilsthorpe  ","1957-06-08","1986-11-01","male","Non-Smoker",325000
972,972,"Zarla Sulland      ","1970-11-13","2014-05-01","male","Non-Smoker",285000
973,973,"Job Sivyer","1999-12-12","2016-09-01","female","Non-Smoker",330000
974,974,"Burlie Tayspell    ","1962-05-16","1980-04-01","female","Non-Smoker",265000
975,975,"Daphna Burchell    ","1991-07-04","2009-07-01","female","Non-Smoker",330000
976,976,"Robbi Feighry      ","1995-02-05","2011-04-01","male","Non-Smoker",50000
977,977,"Cole Teml ","1977-06-03","2014-08-01","male","Non-Smoker",220000
978,978,"Livvyy Lavrinov    ","1999-07-10","2015-08-01","female","Smoker",30000
979,979,"Sig Jelf  ","1973-03-19","1999-03-01","female","Non-Smoker",10000
980,980,"Corry Prayer       ","1965-06-25","1987-10-01","female","Smoker",420000
981,981,"Chevy McGeagh      ","1953-11-16","1978-09-01","female","Smoker",285000
982,982,"Jana Champ","1987-07-18","2015-12-01","female","Smoker",340000
983,983,"Monika Dowsett     ","1964-12-18","2003-06-01","female","Smoker",135000
984,984,"Rycca Parkes       ","1965-03-20","2016-03-01","female","Smoker",490000
985,985,"Millisent Greenrodd","1986-09-02","2014-03-01","female","Non-Smoker",450000
986,986,"Jervis Rude        ","1967-07-05","1997-01-01","male","Smoker",475000
987,987,"Amalita Lovie      ","1977-04-24","2010-08-01","male","Non-Smoker",40000
988,988,"Boniface ORoan    ","1961-10-08","1985-02-01","male","Smoker",490000
989,989,"Rebeca Yoell       ","1985-11-13","2014-02-01","female","Smoker",480000
990,990,"Lucias Derks       ","1996-08-08","2015-10-01","female","Smoker",165000
991,991,"Connor Cardenas    ","1992-03-16","2013-08-01","female","Smoker",200000
992,992,"Wolfie Templeton   ","1955-06-05","2003-04-01","male","Non-Smoker",205000
993,993,"Verene Judd        ","1972-10-21","1994-06-01","male","Smoker",25000
994,994,"Keeley Stobbart    ","1956-04-01","1983-03-01","female","Non-Smoker",215000
995,995,"Laurie Baldrey     ","1991-09-08","2010-04-01","male","Smoker",290000
996,996,"Flss Dumberell     ","1985-02-12","2006-02-01","male","Smoker",175000
997,997,"Kirsti Swash       ","1974-12-15","2014-08-01","female","Non-Smoker",195000
998,998,"Jerad Dauber       ","1979-11-04","2011-07-01","male","Smoker",170000
999,999,"Karel Twine        ","1974-10-04","2000-03-01","female","Smoker",235000
1000,1000,"Meredith Corradengo","1980-03-08","2005-09-01","male","Non-Smoker",375000
